"","Dispersion","AIC","logLik","meanExp","(Intercept)","TreatmentVariable","OriginSlope","TreatmentVariable:OriginSlope","se_(Intercept)","se_TreatmentVariable","se_OriginSlope","se_TreatmentVariable:OriginSlope","Chisq_Treatment","Chisq_Origin","Chisq_Treatment:Origin","Df_Treatment","Df_Origin","Df_Treatment:Origin","P_Treatment","P_Origin","P_Treatment:Origin","Treatment","Origin","Treatment:Origin","Stable_OriginFC","Variable_OriginFC","maxGroupFC","col","Gene"
"Pocillopora_acuta_HIv2___RNAseq.g2606.t1",0.0416262328819226,378.884273352586,-183.442136676293,5.6039058906309,3.77348944872818,0.250861971667491,0.0239918227249652,-0.101675901750806,0.0455081501739836,0.0483039328604181,0.0519556760879305,0.0526662429682664,23.7948472752498,0.0496330035064394,3.72710294890155,1,1,1,1.07168969714695e-06,0.823703109671418,0.0535361731261597,0.000643799724066076,0.63168842987598,0.999541060901492,0.0338446651486297,-0.110029268886899,"Variable","Not Significant","Pocillopora_acuta_HIv2___RNAseq.g2606.t1"
"Pocillopora_acuta_HIv2___RNAseq.g14607.t1",0.483834763221394,661.942010523734,-324.971005261867,8.54266962622627,5.65367238629287,0.190980879686135,0.69503110339553,-0.391471794492184,0.0445534316443057,0.044878647722123,0.266047207371657,0.290750973618873,16.7781856295928,5.01465559714281,1.81283633768835,1,1,1,4.20135185984856e-05,0.025133628464009,0.178168358738478,0.0199254640047871,0.107253907107862,0.999541060901492,1.00019175215906,0.436852634202037,"Stable","Not Significant","Pocillopora_acuta_HIv2___RNAseq.g14607.t1"
"Pocillopora_acuta_HIv2___RNAseq.g21866.t1",5.63270047556579,291.062465365719,-139.53123268286,2.00366381696163,1.82480092189936,0.551485378327575,-0.061522100964587,-0.18778011705696,0.0544049616779669,0.0543456327731345,0.0546360716884792,0.0544731600496667,91.9396038234339,1.27823753783127,11.8832181819411,1,1,1,8.93625990472553e-22,0.258226992654001,0.000566419867860616,8.94718200016464e-19,0.396366329890631,0.1276002357323,-0.0761015091926143,-0.325358751978359,"Variable","Not Significant","Pocillopora_acuta_HIv2___RNAseq.g21866.t1"
