"","Dispersion","AIC","logLik","meanExp","(Intercept)","TreatmentVariable","OriginFlat","TreatmentVariable:OriginFlat","se_(Intercept)","se_TreatmentVariable","se_OriginFlat","se_TreatmentVariable:OriginFlat","Chisq_Treatment","Chisq_Origin","Chisq_Treatment:Origin","Df_Treatment","Df_Origin","Df_Treatment:Origin","P_Treatment","P_Origin","P_Treatment:Origin","Treatment","Origin","Treatment:Origin","Stable_OriginFC","Variable_OriginFC","maxGroupFC","col","Gene"
"Pocillopora_acuta_HIv2___RNAseq.g19199.t1",0.135539405989443,403.268635040816,-195.634317520408,5.31238189820478,3.78979853118998,-0.170542427908847,-0.084938049197243,0.257691760206295,0.0508789586995342,0.057623175841452,0.0594898257786575,0.0610080699803241,6.97033649584727,1.52065365248661,17.8412998349366,1,1,1,0.00828719114177807,0.217520602937371,2.40114581918099e-05,0.999999999916938,0.365338408142584,0.00801360184319998,0.119715915640705,-0.24324377729307,"Variable","q_Origin:Treatment < 0.05 (biggest FC in Variable)","Pocillopora_acuta_HIv2___RNAseq.g19199.t1"
"Pocillopora_acuta_HIv2___RNAseq.g17950.t1",0.465156942213139,400.061871928932,-194.030935964466,4.43359247787849,3.46989640007738,-0.423558442846167,-0.208791453397669,0.433396314736625,0.0984308744629608,0.102974389708332,0.104781050753469,0.110999755228187,12.7433869653596,2.18612058905093,15.2449633980734,1,1,1,0.000357270128132679,0.139259676007582,9.44282340050197e-05,0.11923559720754,0.292252553709364,0.0303890291649726,0.291147723534761,-0.310806672720956,"Variable","q_Origin:Treatment < 0.05 (biggest FC in Variable)","Pocillopora_acuta_HIv2___RNAseq.g17950.t1"
